primary_title,genres,studio,domestic_gross,year
Black Panther,"Action,Adventure,Sci-Fi",BV,700100000.0,2018
Avengers: Infinity War,"Action,Adventure,Sci-Fi",BV,678800000.0,2018
Jurassic World,"Action,Adventure,Sci-Fi",Uni.,652300000.0,2015
Star Wars: The Last Jedi,"Action,Adventure,Fantasy",BV,620200000.0,2017
Incredibles 2,"Action,Adventure,Animation",BV,608600000.0,2018
Rogue One: A Star Wars Story,"Action,Adventure,Sci-Fi",BV,532200000.0,2016
Finding Dory,"Adventure,Animation,Comedy",BV,486300000.0,2016
Avengers: Age of Ultron,"Action,Adventure,Sci-Fi",BV,459000000.0,2015
The Dark Knight Rises,"Action,Thriller",WB,448100000.0,2012
Jurassic World: Fallen Kingdom,"Action,Adventure,Sci-Fi",Uni.,417700000.0,2018
Toy Story 3,"Adventure,Animation,Comedy",BV,415000000.0,2010
Wonder Woman,"Action,Adventure,Fantasy",WB,412600000.0,2017
Iron Man 3,"Action,Adventure,Sci-Fi",BV,409000000.0,2013
Captain America: Civil War,"Action,Adventure,Sci-Fi",BV,408100000.0,2016
Jumanji: Welcome to the Jungle,"Action,Adventure,Comedy",Sony,404500000.0,2017
Frozen,"Adventure,Drama,Sport",BV,400700000.0,2013
Guardians of the Galaxy Vol. 2,"Action,Adventure,Comedy",BV,389800000.0,2017
The Secret Life of Pets,"Adventure,Animation,Comedy",Uni.,368400000.0,2016
Despicable Me 2,"Adventure,Animation,Comedy",Uni.,368100000.0,2013
Deadpool,"Action,Adventure,Comedy",Fox,363100000.0,2016
Inside Out,"Crime,Drama",BV,356500000.0,2015
Furious 7,"Action,Crime,Thriller",Uni.,353000000.0,2015
American Sniper,"Action,Biography,Drama",WB,350100000.0,2014
Zootopia,"Adventure,Animation,Comedy",BV,341300000.0,2016
Minions,"Adventure,Animation,Comedy",Uni.,336000000.0,2015
Aquaman,"Action,Adventure,Fantasy",WB,335100000.0,2018
Spider-Man: Homecoming,"Action,Adventure,Sci-Fi",Sony,334200000.0,2017
Guardians of the Galaxy,"Action,Adventure,Comedy",BV,333200000.0,2014
Batman v Superman: Dawn of Justice,"Action,Adventure,Fantasy",WB,330400000.0,2016
Suicide Squad,"Action,Adventure,Fantasy",WB,325100000.0,2016
Deadpool 2,"Action,Adventure,Comedy",Fox,318500000.0,2018
Thor: Ragnarok,"Action,Adventure,Comedy",BV,315100000.0,2017
Skyfall,"Action,Adventure,Thriller",Sony,304400000.0,2012
Inception,"Action,Adventure,Sci-Fi",WB,292600000.0,2010
Man of Steel,"Action,Adventure,Sci-Fi",WB,291000000.0,2013
Gravity,"Drama,Sci-Fi,Thriller",WB,274100000.0,2013
Sing,"Animation,Comedy,Family",Uni.,270400000.0,2016
Monsters University,"Adventure,Animation,Comedy",BV,268500000.0,2013
Despicable Me 3,"Adventure,Animation,Comedy",Uni.,264600000.0,2017
The Amazing Spider-Man,"Action,Adventure,Sci-Fi",Sony,262000000.0,2012
Captain America: The Winter Soldier,"Action,Adventure,Sci-Fi",BV,259800000.0,2014
The Hangover Part II,"Comedy,Mystery",WB,254500000.0,2011
Despicable Me,"Animation,Comedy,Family",Uni.,251500000.0,2010
Moana,"Adventure,Animation,Comedy",BV,248800000.0,2016
Maleficent,"Action,Adventure,Family",BV,241400000.0,2014
Pirates of the Caribbean: On Stranger Tides,"Action,Adventure,Fantasy",BV,241100000.0,2011
Fast & Furious 6,"Action,Crime,Thriller",Uni.,238700000.0,2013
Brave,"Adventure,Animation,Comedy",BV,237300000.0,2012
X-Men: Days of Future Past,"Action,Adventure,Sci-Fi",Fox,233900000.0,2014
Doctor Strange,"Action,Adventure,Fantasy",BV,232600000.0,2016
Justice League,"Action,Adventure,Fantasy",WB,229000000.0,2017
The Martian,"Adventure,Drama,Sci-Fi",Fox,228400000.0,2015
The Fate of the Furious,"Action,Crime,Thriller",Uni.,226000000.0,2017
Big Hero 6,"Action,Adventure,Animation",BV,222500000.0,2014
Ted,"Comedy,Fantasy",Uni.,218800000.0,2012
Ant-Man and the Wasp,"Action,Adventure,Comedy",BV,216600000.0,2018
Bohemian Rhapsody,"Biography,Drama,Music",Fox,216400000.0,2018
Solo: A Star Wars Story,"Action,Adventure,Fantasy",BV,213800000.0,2018
Fast Five,"Action,Crime,Thriller",Uni.,209800000.0,2011
Dawn of the Planet of the Apes,"Action,Adventure,Drama",Fox,208500000.0,2014
Thor: The Dark World,"Action,Adventure,Fantasy",BV,206400000.0,2013
The Amazing Spider-Man 2,"Action,Adventure,Sci-Fi",Sony,202900000.0,2014
Ralph Breaks the Internet,"Adventure,Animation,Comedy",BV,201100000.0,2018
Tangled,"Adventure,Animation,Comedy",BV,200800000.0,2010
Spectre,"Action,Adventure,Thriller",Sony,200100000.0,2015
22 Jump Street,"Action,Comedy,Crime",Sony,191700000.0,2014
Cars 2,"Adventure,Animation,Comedy",BV,191500000.0,2011
Wreck-It Ralph,"Adventure,Animation,Comedy",BV,189400000.0,2012
Dunkirk,"Action,Drama,History",WB,188000000.0,2017
The Croods,"Action,Adventure,Animation",Fox,187200000.0,2013
Sherlock Holmes: A Game of Shadows,"Action,Adventure,Crime",WB,186800000.0,2011
Pitch Perfect 2,"Comedy,Music",Uni.,184300000.0,2015
The Revenant,"Action,Adventure,Biography",Fox,183600000.0,2015
Lincoln,"Biography,Drama,History",BV,182200000.0,2012
Ant-Man,"Action,Adventure,Comedy",BV,180200000.0,2015
How to Train Your Dragon 2,"Action,Adventure,Animation",Fox,177000000.0,2014
Rise of the Planet of the Apes,"Action,Drama,Sci-Fi",Fox,176800000.0,2011
The Karate Kid,"Action,Drama,Family",Sony,176600000.0,2010
Get Out,"Horror,Mystery,Thriller",Uni.,176000000.0,2017
The Boss Baby,"Adventure,Animation,Comedy",Fox,175000000.0,2017
Crazy Rich Asians,"Comedy,Romance",WB,174500000.0,2018
The Greatest Showman,"Biography,Drama,Musical",Fox,174300000.0,2017
Pirates of the Caribbean: Dead Men Tell No Tales,"Action,Adventure,Fantasy",BV,172600000.0,2017
Mary Poppins Returns,"Comedy,Family,Fantasy",BV,172000000.0,2018
Hotel Transylvania 2,"Animation,Comedy,Family",Sony,169700000.0,2015
The Help,Drama,BV,169700000.0,2011
Hidden Figures,"Biography,Drama,History",Fox,169600000.0,2016
Bridesmaids,"Comedy,Romance",Uni.,169100000.0,2011
Kong: Skull Island,"Action,Adventure,Fantasy",WB,168100000.0,2017
Gone Girl,"Drama,Mystery,Thriller",Fox,167800000.0,2014
Hotel Transylvania 3: Summer Vacation,"Adventure,Animation,Comedy",Sony,167500000.0,2018
Fifty Shades of Grey,"Drama,Romance,Thriller",Uni.,166200000.0,2015
Jason Bourne,"Action,Thriller",Uni.,162400000.0,2016
Grown Ups,Comedy,Sony,162000000.0,2010
Ice Age: Continental Drift,"Adventure,Animation,Comedy",Fox,161300000.0,2012
Straight Outta Compton,"Biography,Drama,History",Uni.,161200000.0,2015
The Heat,"Action,Comedy,Crime",Fox,159600000.0,2013
Fantastic Beasts: The Crimes of Grindelwald,"Adventure,Family,Fantasy",WB,159600000.0,2018
X-Men: Apocalypse,"Action,Adventure,Sci-Fi",Fox,155400000.0,2016
Snow White and the Huntsman,"Action,Adventure,Drama",Uni.,155300000.0,2012
Trolls,"Adventure,Animation,Comedy",Fox,153700000.0,2016
Mad Max: Fury Road,"Action,Adventure,Sci-Fi",WB,153600000.0,2015
Cars 3,"Adventure,Animation,Comedy",BV,152900000.0,2017
Neighbors,Comedy,Uni.,150200000.0,2014
American Hustle,"Crime,Drama",Sony,150100000.0,2013
Little Fockers,"Comedy,Romance",Uni.,148400000.0,2010
Hotel Transylvania,"Animation,Comedy,Family",Sony,148300000.0,2012
War for the Planet of the Apes,"Action,Adventure,Drama",Fox,146900000.0,2017
X-Men: First Class,"Action,Adventure,Sci-Fi",Fox,146400000.0,2011
The Meg,"Action,Horror,Sci-Fi",WB,145400000.0,2018
Rio,"Adventure,Animation,Comedy",Fox,143600000.0,2011
Kung Fu Panda 3,"Action,Adventure,Animation",Fox,143500000.0,2016
The Smurfs,"Adventure,Animation,Comedy",Sony,142600000.0,2011
Taken 2,"Action,Thriller",Fox,139900000.0,2012
21 Jump Street,"Action,Comedy,Crime",Sony,138400000.0,2012
Split,"Comedy,Romance,Sport",Uni.,138300000.0,2017
Ready Player One,"Action,Adventure,Sci-Fi",WB,137700000.0,2018
Argo,"Biography,Drama,Thriller",WB,136000000.0,2012
Ride Along,"Action,Comedy,Crime",Uni.,134900000.0,2014
Identity Thief,"Adventure,Comedy,Crime",Uni.,134500000.0,2013
Grown Ups 2,Comedy,Sony,133699999.0,2013
Alvin and the Chipmunks: Chipwrecked,"Adventure,Animation,Comedy",Fox,133100000.0,2011
The Wolverine,"Action,Adventure,Sci-Fi",Fox,132600000.0,2013
Rio 2,"Adventure,Animation,Comedy",Fox,131500000.0,2014
The Peanuts Movie,"Adventure,Animation,Comedy",Fox,130199999.0,2015
Kingsman: The Secret Service,"Action,Adventure,Comedy",Fox,128300000.0,2015
Into the Woods,"Adventure,Comedy,Drama",BV,128000000.0,2014
Lucy,"Action,Sci-Fi,Thriller",Uni.,126700000.0,2014
The Legend of Tarzan,"Action,Adventure,Drama",WB,126600000.0,2016
Prometheus,"Adventure,Mystery,Sci-Fi",Fox,126500000.0,2012
Sully,"Biography,Drama",WB,125100000.0,2016
Lone Survivor,"Action,Biography,Drama",Uni.,125100000.0,2013
Life of Pi,"Adventure,Drama,Fantasy",Fox,125000000.0,2012
The Good Dinosaur,"Adventure,Animation,Comedy",BV,123100000.0,2015
Mamma Mia! Here We Go Again,"Comedy,Musical,Romance",Uni.,120600000.0,2018
Cloudy with a Chance of Meatballs 2,"Adventure,Animation,Comedy",Sony,119800000.0,2013
The Other Guys,"Action,Comedy,Crime",Sony,119200000.0,2010
Salt,"Action,Mystery,Thriller",Sony,118300000.0,2010
Green Lantern,"Action,Adventure,Sci-Fi",WB,116600000.0,2011
Peter Rabbit,"Adventure,Animation,Comedy",Sony,115300000.0,2018
Girls Trip,"Comedy,Drama",Uni.,115200000.0,2017
Fifty Shades Darker,"Drama,Romance",Uni.,114600000.0,2017
Night at the Museum: Secret of the Tomb,"Adventure,Comedy,Family",Fox,113700000.0,2014
Magic Mike,"Comedy,Drama",WB,113700000.0,2012
The Bourne Legacy,"Action,Adventure,Thriller",Uni.,113200000.0,2012
The Hangover Part III,"Adventure,Comedy,Crime",WB,112200000.0,2013
Mr. Peabody & Sherman,"Adventure,Animation,Comedy",Fox,111500000.0,2014
Spy,"Action,Crime,Drama",Fox,110800000.0,2015
Trainwreck,"Comedy,Drama,Romance",Uni.,110200000.0,2015
Hop,"Adventure,Animation,Comedy",Uni.,108100000.0,2011
Epic,"Adventure,Animation,Family",Fox,107500000.0,2013
The Angry Birds Movie,"Action,Animation,Comedy",Sony,107500000.0,2016
Captain Phillips,"Biography,Drama,Thriller",Sony,107100000.0,2013
Robin Hood,"Action,Adventure,Drama",Uni.,105300000.0,2010
Pitch Perfect 3,"Comedy,Music",Uni.,104900000.0,2017
The Chronicles of Narnia: The Voyage of the Dawn Treader,"Adventure,Family,Fantasy",Fox,104400000.0,2010
The Mule,"Comedy,Drama",WB,103800000.0,2018
Independence Day: Resurgence,"Action,Adventure,Sci-Fi",Fox,103100000.0,2016
The Maze Runner,"Action,Mystery,Sci-Fi",Fox,102400000.0,2014
The Equalizer 2,"Action,Crime,Thriller",Sony,102100000.0,2018
Pacific Rim,"Action,Adventure,Sci-Fi",WB,101800000.0,2013
The Equalizer,"Action,Crime,Thriller",Sony,101500000.0,2014
A Wrinkle in Time,"Adventure,Family,Fantasy",BV,100500000.0,2018
Due Date,"Adventure,Comedy",WB,100500000.0,2010
Fifty Shades Freed,"Drama,Romance,Thriller",Uni.,100400000.0,2018
Bad Teacher,"Comedy,Romance",Sony,100300000.0,2011
Yogi Bear,"Adventure,Animation,Comedy",WB,100200000.0,2010
Edge of Tomorrow,"Action,Sci-Fi",WB,100200000.0,2014
Cowboys & Aliens,"Action,Sci-Fi,Thriller",Uni.,100200000.0,2011
Kingsman: The Golden Circle,"Action,Adventure,Comedy",Fox,100200000.0,2017
The Green Hornet,"Action,Comedy,Crime",Sony,98800000.0,2011
Date Night,"Comedy,Crime,Romance",Fox,98700000.0,2010
Sausage Party,"Adventure,Animation,Comedy",Sony,97700000.0,2016
The Social Network,"Biography,Drama",Sony,97000000.0,2010
Zero Dark Thirty,"Drama,Thriller",Sony,95700000.0,2012
The Book of Eli,"Action,Adventure,Drama",WB,94800000.0,2010
Tomorrowland,"Action,Adventure,Family",BV,93400000.0,2015
The Town,"Crime,Drama,Thriller",WB,92200000.0,2010
Non-Stop,"Action,Mystery,Thriller",Uni.,92200000.0,2014
Blade Runner 2049,"Drama,Mystery,Sci-Fi",WB,92100000.0,2017
Ride Along 2,"Action,Comedy,Crime",Uni.,91200000.0,2016
Prince of Persia: The Sands of Time,"Action,Adventure,Fantasy",BV,90800000.0,2010
Get Hard,"Comedy,Crime",WB,90400000.0,2015
Planes,"Adventure,Animation,Comedy",BV,90300000.0,2013
Taken 3,"Action,Thriller",Fox,89300000.0,2015
The Lone Ranger,"Action,Adventure,Western",BV,89300000.0,2013
Oblivion,"Action,Adventure,Sci-Fi",Uni.,89100000.0,2013
The Muppets,"Adventure,Comedy,Family",BV,88600000.0,2011
Miss Peregrine's Home for Peculiar Children,"Adventure,Drama,Fantasy",Fox,87200000.0,2016
Sisters,Comedy,Uni.,87000000.0,2015
The Campaign,Comedy,WB,86900000.0,2012
The Accountant,"Action,Crime,Drama",WB,86300000.0,2016
Dumb and Dumber To,"Adventure,Comedy",Uni.,86200000.0,2014
The Emoji Movie,"Adventure,Animation,Comedy",Sony,86100000.0,2017
Alvin and the Chipmunks: The Road Chip,"Adventure,Animation,Comedy",Fox,85900000.0,2015
Real Steel,"Action,Drama,Family",BV,85500000.0,2011
Green Book,"Biography,Comedy,Drama",Uni.,85100000.0,2018
Ferdinand,"Adventure,Animation,Comedy",Fox,84400000.0,2017
"Crazy, Stupid, Love.","Comedy,Drama,Romance",WB,84400000.0,2011
Wrath of the Titans,"Action,Adventure,Fantasy",WB,83700000.0,2012
Penguins of Madagascar,"Adventure,Animation,Comedy",Fox,83400000.0,2014
Saving Mr. Banks,"Biography,Comedy,Drama",BV,83300000.0,2013
Smallfoot,"Adventure,Animation,Comedy",WB,83200000.0,2018
Turbo,"Adventure,Animation,Comedy",Fox,83000000.0,2013
Let's Be Cops,"Comedy,Crime",Fox,82400000.0,2014
The Post,"Biography,Drama,History",Fox,81900000.0,2017
Maze Runner: The Scorch Trials,"Action,Sci-Fi,Thriller",Fox,81700000.0,2015
Unstoppable,"Action,Thriller",Fox,81600000.0,2010
Ted 2,Comedy,Uni.,81500000.0,2015
Eat Pray Love,"Drama,Romance",Sony,80600000.0,2010
Zookeeper,"Comedy,Family,Romance",Sony,80400000.0,2011
Goosebumps,"Adventure,Comedy,Family",Sony,80100000.0,2015
War Horse,"Drama,History,War",BV,79900000.0,2011
Dark Shadows,"Comedy,Fantasy,Horror",WB,79700000.0,2012
The Purge: Election Year,"Action,Horror,Sci-Fi",Uni.,79200000.0,2016
Pixels,"Action,Comedy",Sony,78700000.0,2015
Tower Heist,"Action,Comedy,Crime",Uni.,78000000.0,2011
The Monuments Men,"Comedy,Drama,History",Sony,78000000.0,2014
Parental Guidance,"Comedy,Family",Fox,77300000.0,2012
The A-Team,"Action,Adventure,Thriller",Fox,77200000.0,2010
Alice Through the Looking Glass,"Adventure,Family,Fantasy",BV,77000000.0,2016
The Intern,,WB,75800000.0,2015
Contagion,"Action,Drama,Thriller",WB,75700000.0,2011
Moneyball,"Biography,Drama,Sport",Sony,75600000.0,2011
2 Guns,"Action,Comedy,Crime",Uni.,75600000.0,2013
We Bought a Zoo,"Comedy,Drama,Family",Fox,75600000.0,2011
Alien: Covenant,"Horror,Sci-Fi,Thriller",Fox,74300000.0,2017
Jack and Jill,Comedy,Sony,74200000.0,2011
Captain Underpants: The First Epic Movie,"Action,Animation,Comedy",Fox,73900000.0,2017
John Carter,"Action,Adventure,Sci-Fi",BV,73100000.0,2012
White House Down,"Action,Drama,Thriller",Sony,73100000.0,2013
Storks,"Adventure,Animation,Comedy",WB,72700000.0,2016
Dolphin Tale,"Drama,Family",WB,72300000.0,2011
Bridge of Spies,"Drama,History,Thriller",BV,72300000.0,2015
The Purge: Anarchy,"Action,Horror,Sci-Fi",Uni.,72000000.0,2014
Mama,Drama,Uni.,71600000.0,2013
The Smurfs 2,"Adventure,Animation,Comedy",Sony,71000000.0,2013
Paul Blart: Mall Cop 2,"Action,Comedy,Crime",Sony,71000000.0,2015
The Best Man Holiday,"Comedy,Drama",Uni.,70500000.0,2013
The First Purge,"Action,Horror,Sci-Fi",Uni.,69500000.0,2018
Percy Jackson: Sea of Monsters,"Adventure,Family,Fantasy",Fox,68600000.0,2013
Skyscraper,"Action,Adventure,Thriller",Uni.,68400000.0,2018
Mr. Popper's Penguins,"Comedy,Family,Fantasy",Fox,68200000.0,2011
Insidious: The Last Key,"Horror,Mystery,Thriller",Uni.,67700000.0,2018
The Tourist,"Action,Adventure,Thriller",Sony,67600000.0,2010
This Is 40,"Comedy,Romance",Uni.,67500000.0,2012
A Good Day to Die Hard,"Action,Thriller",Fox,67300000.0,2013
The Bounty Hunter,"Action,Comedy,Romance",Sony,67099999.0,2010
"Alexander and the Terrible, Horrible, No Good, Very Bad Day","Comedy,Family",BV,67000000.0,2014
Contraband,"Action,Crime,Drama",Uni.,66500000.0,2012
Magic Mike XXL,"Comedy,Drama,Music",WB,66000000.0,2015
Battleship,"Action,Adventure,Sci-Fi",Uni.,65400000.0,2012
The Visit,"Comedy,Drama,Romance",Uni.,65200000.0,2015
Exodus: Gods and Kings,"Action,Adventure,Drama",Fox,65000000.0,2014
Pitch Perfect,"Comedy,Music,Romance",Uni.,65000000.0,2012
The Purge,"Horror,Thriller",Uni.,64500000.0,2013
A Dog's Purpose,"Adventure,Comedy,Drama",Uni.,64500000.0,2017
Ice Age: Collision Course,"Adventure,Animation,Comedy",Fox,64099999.0,2016
Diary of a Wimpy Kid,"Comedy,Drama,Family",Fox,64000000.0,2010
Happy Feet Two,"Adventure,Animation,Comedy",WB,64000000.0,2011
Unknown,"Action,Mystery,Thriller",WB,63700000.0,2011
Hope Springs,"Comedy,Drama,Romance",Sony,63500000.0,2012
The Boss,Comedy,Uni.,63300000.0,2016
The Sorcerer's Apprentice,"Action,Adventure,Family",BV,63200000.0,2010
The Last Song,"Drama,Music,Romance",BV,63000000.0,2010
Black Mass,"Biography,Crime,Drama",WB,62600000.0,2015
The Adjustment Bureau,"Romance,Sci-Fi,Thriller",Uni.,62500000.0,2011
The Wolfman,"Drama,Fantasy,Horror",Uni.,62000000.0,2010
Prisoners,"Crime,Drama,Mystery",WB,61000000.0,2013
Get Him to the Greek,"Adventure,Comedy,Music",Uni.,61000000.0,2010
After Earth,"Action,Adventure,Drama",Sony,60500000.0,2013
The Lucky One,"Drama,Romance",WB,60500000.0,2012
Blockers,Comedy,Uni.,60300000.0,2018
Why Him?,Comedy,Fox,60300000.0,2016
Tooth Fairy,"Comedy,Family,Fantasy",Fox,60000000.0,2010
Son of God,Documentary,Fox,59700000.0,2014
My Big Fat Greek Wedding 2,"Comedy,Romance",Uni.,59700000.0,2016
Secretariat,"Biography,Drama,Family",BV,59700000.0,2010
Planes: Fire & Rescue,"Adventure,Animation,Comedy",BV,59200000.0,2014
Water for Elephants,"Drama,Romance",Fox,58700000.0,2011
Tomb Raider,"Action,Adventure,Fantasy",WB,58300000.0,2018
The Secret Life of Walter Mitty,"Adventure,Comedy,Drama",Fox,58200000.0,2013
American Reunion,Comedy,Uni.,57000000.0,2012
Dracula Untold,"Action,Drama,Fantasy",Uni.,56300000.0,2014
Fantastic Four,"Action,Adventure,Drama",Fox,56100000.0,2015
Happy Death Day,"Horror,Mystery,Thriller",Uni.,55700000.0,2017
Legend of the Guardians: The Owls of Ga'Hoole,"Action,Adventure,Animation",WB,55700000.0,2010
Neighbors 2: Sorority Rising,Comedy,Uni.,55500000.0,2016
The BFG,"Adventure,Family,Fantasy",BV,55500000.0,2016
I Am Number Four,"Action,Adventure,Sci-Fi",BV,55100000.0,2011
The Shallows,"Drama,Horror,Thriller",Sony,55100000.0,2016
The Nutcracker and the Four Realms,"Adventure,Family,Fantasy",BV,54900000.0,2018
This Means War,"Action,Comedy,Romance",Fox,54800000.0,2012
Project X,Comedy,WB,54700000.0,2012
Assassin's Creed,"Action,Adventure,Sci-Fi",Fox,54600000.0,2016
Horrible Bosses 2,"Comedy,Crime",WB,54400000.0,2014
The Hundred-Foot Journey,"Comedy,Drama",BV,54200000.0,2014
Life as We Know It,"Comedy,Drama,Romance",WB,53400000.0,2010
Diary of a Wimpy Kid: Rodrick Rules,"Comedy,Family",Fox,52700000.0,2011
Wall Street: Money Never Sleeps,Drama,Fox,52500000.0,2010
Predators,"Action,Adventure,Sci-Fi",Fox,52000000.0,2010
The Odd Life of Timothy Green,"Comedy,Drama,Family",BV,51900000.0,2012
Ghost Rider: Spirit of Vengeance,"Action,Fantasy,Thriller",Sony,51800000.0,2012
American Made,"Action,Biography,Comedy",Uni.,51300000.0,2017
Muppets Most Wanted,"Adventure,Comedy,Crime",BV,51200000.0,2014
Ouija,"Horror,Mystery,Thriller",Uni.,50900000.0,2014
The Dark Tower,"Action,Adventure,Fantasy",Sony,50700000.0,2017
Sicario: Day of the Soldado,"Action,Crime,Drama",Sony,50100000.0,2018
Red Tails,"Action,Adventure,Drama",Fox,49900000.0,2012
Diary of a Wimpy Kid: Dog Days,"Comedy,Family",Fox,49000000.0,2012
The Dilemma,"Comedy,Drama",Uni.,48500000.0,2011
The Huntsman: Winter's War,"Action,Adventure,Drama",Uni.,48400000.0,2016
Warcraft,"Action,Adventure,Fantasy",Uni.,47400000.0,2016
Jupiter Ascending,"Action,Adventure,Sci-Fi",WB,47400000.0,2015
The Judge,"Crime,Drama",WB,47100000.0,2014
Jersey Boys,"Biography,Drama,Music",WB,47000000.0,2014
Red Sparrow,"Action,Drama,Thriller",Fox,46900000.0,2018
Goosebumps 2: Haunted Halloween,"Adventure,Comedy,Family",Sony,46700000.0,2018
Arthur Christmas,"Adventure,Animation,Comedy",Sony,46500000.0,2011
Blended,"Comedy,Romance",WB,46300000.0,2014
Gangster Squad,"Action,Crime,Drama",WB,46000000.0,2013
Mike and Dave Need Wedding Dates,"Adventure,Comedy,Romance",Fox,46000000.0,2016
12 Strong,"Action,Drama,History",WB,45800000.0,2018
The Great Wall,"Action,Adventure,Fantasy",Uni.,45500000.0,2017
Here Comes the Boom,"Action,Comedy,Sport",Sony,45300000.0,2012
Smurfs: The Lost Village,"Adventure,Animation,Comedy",Sony,45000000.0,2017
First Man,"Biography,Drama,History",Uni.,44900000.0,2018
Cop Out,"Action,Comedy,Crime",WB,44900000.0,2010
The Internship,Comedy,Fox,44700000.0,2013
"McFarland, USA","Biography,Drama,Sport",BV,44500000.0,2015
The Three Stooges,"Comedy,Family",Fox,44300000.0,2012
Cats & Dogs: The Revenge of Kitty Galore,"Action,Comedy,Family",WB,43600000.0,2010
Need for Speed,"Action,Crime,Thriller",BV,43600000.0,2014
Edge of Darkness,"Crime,Drama,Mystery",WB,43300000.0,2010
A Million Ways to Die in the West,"Comedy,Western",Uni.,43100000.0,2014
War Dogs,"Comedy,Crime,Drama",WB,43000000.0,2016
The Night Before,"Adventure,Comedy,Fantasy",Sony,43000000.0,2015
Gulliver's Travels,"Adventure,Comedy,Family",Fox,42800000.0,2010
Krampus,"Comedy,Fantasy,Horror",Uni.,42700000.0,2015
Widows,"Comedy,Drama",Fox,42400000.0,2018
Almost Christmas,"Comedy,Drama",Uni.,42200000.0,2016
Dolphin Tale 2,"Drama,Family",WB,42000000.0,2014
Riddick,"Action,Adventure,Sci-Fi",Uni.,42000000.0,2013
Truth or Dare,"Horror,Romance,Thriller",Uni.,41400000.0,2018
The Ides of March,"Drama,Thriller",Sony,41000000.0,2011
The Star,"Adventure,Animation,Comedy",Sony,40900000.0,2017
Paddington 2,"Adventure,Comedy,Family",WB,40900000.0,2018
"Love, Simon","Comedy,Drama,Romance",Fox,40800000.0,2018
King Arthur: Legend of the Sword,"Action,Adventure,Drama",WB,39200000.0,2017
Something Borrowed,"Comedy,Drama,Romance",WB,39000000.0,2011
Sex Tape,"Comedy,Romance",Sony,38500000.0,2014
47 Ronin,"Action,Adventure,Drama",Uni.,38400000.0,2013
"Big Mommas: Like Father, Like Son","Action,Comedy,Crime",Fox,37900000.0,2011
Red Riding Hood,"Fantasy,Horror,Mystery",WB,37700000.0,2011
Abraham Lincoln: Vampire Hunter,"Action,Fantasy,Horror",Fox,37500000.0,2012
In Time,"Action,Crime,Drama",Fox,37500000.0,2011
The Longest Ride,"Drama,Romance",Fox,37400000.0,2015
Paul,"Adventure,Comedy,Sci-Fi",Uni.,37400000.0,2011
J. Edgar,"Biography,Crime,Drama",WB,37300000.0,2011
The Change-Up,"Comedy,Fantasy",Uni.,37100000.0,2011
30 Minutes or Less,"Action,Comedy,Crime",Sony,37100000.0,2011
That's My Boy,Comedy,Sony,36900000.0,2012
Risen,"Biography,Drama",Sony,36900000.0,2016
Vampires Suck,Comedy,Fox,36700000.0,2010
Million Dollar Arm,"Biography,Drama,Sport",BV,36500000.0,2014
Sucker Punch,"Action,Adventure,Fantasy",WB,36400000.0,2011
The 15:17 to Paris,"Biography,Drama,Thriller",WB,36300000.0,2018
The Nice Guys,"Action,Comedy,Crime",WB,36300000.0,2016
Trouble with the Curve,"Drama,Sport",WB,35800000.0,2012
Larry Crowne,"Comedy,Drama,Romance",Uni.,35600000.0,2011
The Watch,"Action,Comedy,Horror",Fox,35400000.0,2012
The Boy Next Door,"Horror,Thriller",Uni.,35400000.0,2015
Frankenweenie,"Animation,Comedy,Family",BV,35300000.0,2012
Ouija: Origin of Evil,"Drama,Horror,Mystery",Uni.,35100000.0,2016
A Very Harold & Kumar 3D Christmas,"Adventure,Comedy",WB,35100000.0,2011
Green Zone,"Action,Drama,Thriller",Uni.,35100000.0,2010
Pan,"Adventure,Comedy,Family",WB,35100000.0,2015
The 5th Wave,"Action,Adventure,Drama",Sony,34900000.0,2016
"Everything, Everything","Drama,Romance",WB,34100000.0,2017
Geostorm,"Action,Sci-Fi,Thriller",WB,33700000.0,2017
R.I.P.D.,"Action,Adventure,Comedy",Uni.,33600000.0,2013
Marmaduke,"Comedy,Family",Fox,33600000.0,2010
Devil,"Horror,Mystery,Thriller",Uni.,33600000.0,2010
Hereafter,"Drama,Fantasy,Romance",WB,32700000.0,2010
When in Rome,"Comedy,Romance",BV,32700000.0,2010
Unfriended,"Horror,Mystery,Thriller",Uni.,32500000.0,2015
Entourage,Comedy,WB,32400000.0,2015
Paper Towns,"Comedy,Drama,Mystery",Fox,32000000.0,2015
Extremely Loud & Incredibly Close,"Adventure,Drama,Mystery",WB,31800000.0,2011
Chappie,"Action,Crime,Drama",Sony,31600000.0,2015
Scott Pilgrim vs. the World,"Action,Comedy,Fantasy",Uni.,31500000.0,2010
Charlie St. Cloud,"Drama,Fantasy,Romance",Uni.,31200000.0,2010
Crimson Peak,"Drama,Fantasy,Horror",Uni.,31100000.0,2015
The Pirates! Band of Misfits,"Adventure,Animation,Comedy",Sony,31100000.0,2012
Joyful Noise,"Comedy,Drama,Music",WB,30900000.0,2012
Delivery Man,"Comedy,Drama",BV,30700000.0,2013
"Hail, Caesar!","Comedy,Drama,Music",Uni.,30500000.0,2016
The Sitter,Comedy,Fox,30400000.0,2011
The Mountain Between Us,"Action,Adventure,Drama",Fox,30300000.0,2017
How Do You Know,"Comedy,Drama,Romance",Sony,30200000.0,2010
Grudge Match,"Comedy,Drama,Sport",WB,29800000.0,2013
The Hate U Give,"Crime,Drama",Fox,29700000.0,2018
Nanny McPhee Returns,"Comedy,Family,Fantasy",Uni.,29000000.0,2010
Chimpanzee,Documentary,BV,29000000.0,2012
The Five-Year Engagement,"Comedy,Romance",Uni.,28800000.0,2012
Kick-Ass 2,"Action,Comedy,Crime",Uni.,28800000.0,2013
The Finest Hours,"Action,Drama,History",BV,27600000.0,2016
Cloud Atlas,"Action,Drama,Mystery",WB,27100000.0,2012
Winnie the Pooh,"Adventure,Animation,Comedy",BV,26700000.0,2011
Machete,"Action,Crime,Thriller",Fox,26600000.0,2010
Run All Night,"Action,Drama,Thriller",WB,26500000.0,2015
A Walk Among the Tombstones,"Action,Crime,Drama",Uni.,26300000.0,2014
Ramona and Beezus,"Adventure,Comedy,Family",Fox,26200000.0,2010
Leap Year,"Comedy,Romance",Uni.,25900000.0,2010
You Again,"Comedy,Family,Romance",BV,25700000.0,2010
In the Heart of the Sea,"Action,Adventure,Biography",WB,25000000.0,2015
Bridget Jones's Baby,"Comedy,Drama,Romance",Uni.,24300000.0,2016
The Losers,"Action,Adventure,Crime",WB,23600000.0,2010
Monte Carlo,"Adventure,Comedy,Family",Fox,23200000.0,2011
Sanctum,"Adventure,Drama,Thriller",Uni.,23200000.0,2011
Transcendence,Drama,WB,23000000.0,2014
Hitman: Agent 47,"Action,Adventure,Crime",Fox,22500000.0,2015
Rough Night,"Comedy,Crime,Thriller",Sony,22100000.0,2017
Your Highness,"Adventure,Comedy,Fantasy",Uni.,21600000.0,2011
The Book Thief,"Drama,War",Fox,21500000.0,2013
Skyline,"Action,Sci-Fi,Thriller",Uni.,21400000.0,2010
Mars Needs Moms,"Adventure,Animation,Family",BV,21400000.0,2011
Aloha,"Comedy,Drama,Romance",Sony,21100000.0,2015
Diary of a Wimpy Kid: The Long Haul,"Comedy,Family",Fox,20700000.0,2017
Premium Rush,"Action,Crime,Thriller",Sony,20300000.0,2012
Big Miracle,"Biography,Drama,Family",Uni.,20200000.0,2012
Broken City,"Crime,Drama,Thriller",Fox,19700000.0,2013
Runner Runner,"Crime,Thriller",Fox,19300000.0,2013
The Secret World of Arrietty,"Adventure,Animation,Family",BV,19200000.0,2012
Chernobyl Diaries,"Horror,Mystery,Thriller",WB,18100000.0,2012
They Shall Not Grow Old,"Documentary,History,War",WB,18000000.0,2018
Bears,Documentary,BV,17800000.0,2014
Steve Jobs,"Biography,Drama",Uni.,17800000.0,2015
Father Figures,"Adventure,Comedy,Drama",WB,17500000.0,2017
Seventh Son,"Action,Adventure,Fantasy",Uni.,17200000.0,2015
The Counselor,"Crime,Drama,Thriller",Fox,17000000.0,2013
Monkey Kingdom,Documentary,BV,16399999.0,2015
Mortal Engines,"Action,Adventure,Fantasy",Uni.,16000000.0,2018
Devil's Due,"Horror,Mystery,Thriller",Fox,15800000.0,2014
Eddie the Eagle,"Biography,Comedy,Drama",Fox,15800000.0,2016
The Man with the Iron Fists,Action,Uni.,15600000.0,2012
African Cats,"Adventure,Documentary",BV,15400000.0,2011
About Time,"Comedy,Drama,Fantasy",Uni.,15300000.0,2013
Keeping Up with the Joneses,"Action,Comedy",Fox,14900000.0,2016
My Soul to Take,"Horror,Mystery,Thriller",Uni.,14700000.0,2010
What's Your Number?,"Comedy,Romance",Fox,14000000.0,2011
Born in China,Documentary,BV,13900000.0,2017
Repo Men,"Action,Crime,Sci-Fi",Uni.,13800000.0,2010
The Darkest Minds,"Action,Adventure,Drama",Fox,12700000.0,2018
Winter's Tale,"Drama,Fantasy,Mystery",WB,12600000.0,2014
The Light Between Oceans,"Drama,Romance",BV,12500000.0,2016
Strange Magic,"Adventure,Animation,Comedy",BV,12400000.0,2015
People Like Us,"Comedy,Drama",BV,12400000.0,2012
The 33,"Biography,Drama,History",WB,12200000.0,2015
"Roman J. Israel, Esq.","Crime,Drama,Thriller",Sony,12000000.0,2017
Welcome to Marwen,"Biography,Comedy,Drama",Uni.,10800000.0,2018
Jonah Hex,"Action,Drama,Fantasy",WB,10500000.0,2010
Prom,"Comedy,Drama,Family",BV,10100000.0,2011
Bullet to the Head,"Action,Crime,Thriller",WB,9500000.0,2013
Queen of Katwe,"Biography,Drama,Sport",BV,8900000.0,2016
MacGruber,"Action,Comedy,Romance",Uni.,8500000.0,2010
Johnny English Reborn,"Action,Adventure,Comedy",Uni.,8300000.0,2011
A Cure for Wellness,"Drama,Fantasy,Horror",Fox,8100000.0,2017
Inherent Vice,"Comedy,Crime,Drama",WB,8100000.0,2014
Blackhat,"Action,Crime,Thriller",Uni.,8000000.0,2015
The Big Year,Comedy,Fox,7200000.0,2011
The Brothers Grimsby,"Action,Adventure,Comedy",Sony,6900000.0,2016
The Snowman,"Crime,Drama,Mystery",Uni.,6700000.0,2017
Chasing Mavericks,"Biography,Drama,Sport",Fox,6000000.0,2012
Victor Frankenstein,"Drama,Horror,Sci-Fi",Fox,5800000.0,2015
Won't Back Down,Drama,Fox,5300000.0,2012
The Wind Rises,"Animation,Biography,Drama",BV,5200000.0,2014
The Apparition,"Horror,Thriller",WB,4900000.0,2012
Anonymous,"Drama,Thriller",Sony,4500000.0,2011
Johnny English Strikes Again,"Action,Adventure,Comedy",Uni.,4400000.0,2018
The Water Diviner,"Drama,History,War",WB,4200000.0,2015
Morgan,"Drama,Romance",Fox,3900000.0,2016
Midnight Special,"Action,Drama,Mystery",WB,3700000.0,2016
Rules Don't Apply,"Comedy,Drama,Romance",Fox,3700000.0,2016
We Are Your Friends,"Drama,Music,Romance",WB,3600000.0,2015
The Fifth Estate,"Biography,Drama,Thriller",BV,3300000.0,2013
Veronica Mars,"Crime,Drama,Mystery",WB,3300000.0,2014
The Other Side of the Door,Drama,Fox,3000000.0,2016
The Pyramid,Horror,Fox,2800000.0,2014
The Good Lie,Thriller,WB,2700000.0,2014
Jem and the Holograms,"Adventure,Drama,Family",Uni.,2200000.0,2015
The Front Runner,"Biography,Drama,History",Sony,2000000.0,2018
Detective Chinatown 2,"Action,Comedy,Mystery",WB,2000000.0,2018
Flipped,"Comedy,Drama,Romance",WB,1800000.0,2010
102 Not Out,"Comedy,Drama",Sony,1300000.0,2018
Journey to the West: The Demons Strike Back,"Adventure,Comedy,Fantasy",Sony,880000.0,2017
Mubarakan,"Comedy,Romance",Sony,759000.0,2017
By the Sea,"Drama,Romance",Uni.,538000.0,2015
Soorma,"Biography,Drama,Sport",Sony,390000.0,2018
Wolf Totem,"Adventure,Drama",Sony,211000.0,2015
League of Gods,"Action,Fantasy",Sony,182000.0,2016
Poster Boys,Comedy,Sony,97000.0,2017
Loving Pablo,"Action,Biography,Crime",Uni.,22000.0,2018
The Duelist,"Action,Drama,Thriller",Sony,13500.0,2016
Oro,Documentary,Sony,5500.0,2017
